-- phpMyAdmin SQL Dump
-- version 4.9.2
-- https://www.phpmyadmin.net/
--
-- Host: 127.0.0.1:3306
-- Tempo de geração: 13-Nov-2020 às 16:21
-- Versão do servidor: 10.4.10-MariaDB
-- versão do PHP: 7.0.33

SET SQL_MODE = "NO_AUTO_VALUE_ON_ZERO";
SET AUTOCOMMIT = 0;
START TRANSACTION;
SET time_zone = "+00:00";


/*!40101 SET @OLD_CHARACTER_SET_CLIENT=@@CHARACTER_SET_CLIENT */;
/*!40101 SET @OLD_CHARACTER_SET_RESULTS=@@CHARACTER_SET_RESULTS */;
/*!40101 SET @OLD_COLLATION_CONNECTION=@@COLLATION_CONNECTION */;
/*!40101 SET NAMES utf8mb4 */;

--
-- Banco de dados: `bd_hospital`
--

-- --------------------------------------------------------

--
-- Estrutura da tabela `auth_assignment`
--

DROP TABLE IF EXISTS `auth_assignment`;
CREATE TABLE IF NOT EXISTS `auth_assignment` (
  `item_name` varchar(64) COLLATE utf8_unicode_ci NOT NULL,
  `user_id` varchar(64) COLLATE utf8_unicode_ci NOT NULL,
  `created_at` int(11) DEFAULT NULL,
  PRIMARY KEY (`item_name`,`user_id`),
  KEY `idx-auth_assignment-user_id` (`user_id`)
) ENGINE=InnoDB DEFAULT CHARSET=utf8 COLLATE=utf8_unicode_ci;

--
-- Extraindo dados da tabela `auth_assignment`
--

INSERT INTO `auth_assignment` (`item_name`, `user_id`, `created_at`) VALUES
('admin', '1', 1605283968),
('funcionario', '3', 1605283967),
('medico', '2', 1605283967),
('utente', '4', 1605283967);

-- --------------------------------------------------------

--
-- Estrutura da tabela `auth_item`
--

DROP TABLE IF EXISTS `auth_item`;
CREATE TABLE IF NOT EXISTS `auth_item` (
  `name` varchar(64) COLLATE utf8_unicode_ci NOT NULL,
  `type` smallint(6) NOT NULL,
  `description` text COLLATE utf8_unicode_ci DEFAULT NULL,
  `rule_name` varchar(64) COLLATE utf8_unicode_ci DEFAULT NULL,
  `data` blob DEFAULT NULL,
  `created_at` int(11) DEFAULT NULL,
  `updated_at` int(11) DEFAULT NULL,
  PRIMARY KEY (`name`),
  KEY `rule_name` (`rule_name`),
  KEY `idx-auth_item-type` (`type`)
) ENGINE=InnoDB DEFAULT CHARSET=utf8 COLLATE=utf8_unicode_ci;

--
-- Extraindo dados da tabela `auth_item`
--

INSERT INTO `auth_item` (`name`, `type`, `description`, `rule_name`, `data`, `created_at`, `updated_at`) VALUES
('admin', 1, NULL, NULL, NULL, 1605283967, 1605283967),
('createMarcacao', 2, 'Criar marcação', NULL, NULL, 1605283965, 1605283965),
('CreateMedico', 2, 'Criar Medico', NULL, NULL, 1605283966, 1605283966),
('CreateReceita', 2, 'Criar receita', NULL, NULL, 1605283966, 1605283966),
('DeleteMarcacao', 2, 'Eliminar marcação', NULL, NULL, 1605283966, 1605283966),
('DeleteMedico', 2, 'Eliminar Medico', NULL, NULL, 1605283966, 1605283966),
('funcionario', 1, NULL, NULL, NULL, 1605283967, 1605283967),
('medico', 1, NULL, NULL, NULL, 1605283966, 1605283966),
('SendReceita', 2, 'enviar receita', NULL, NULL, 1605283966, 1605283966),
('updateMarcacao', 2, 'Alterar marcação', NULL, NULL, 1605283965, 1605283965),
('UpdateMedico', 2, 'Alterar Medico', NULL, NULL, 1605283966, 1605283966),
('utente', 1, NULL, NULL, NULL, 1605283966, 1605283966);

-- --------------------------------------------------------

--
-- Estrutura da tabela `auth_item_child`
--

DROP TABLE IF EXISTS `auth_item_child`;
CREATE TABLE IF NOT EXISTS `auth_item_child` (
  `parent` varchar(64) COLLATE utf8_unicode_ci NOT NULL,
  `child` varchar(64) COLLATE utf8_unicode_ci NOT NULL,
  PRIMARY KEY (`parent`,`child`),
  KEY `child` (`child`)
) ENGINE=InnoDB DEFAULT CHARSET=utf8 COLLATE=utf8_unicode_ci;

--
-- Extraindo dados da tabela `auth_item_child`
--

INSERT INTO `auth_item_child` (`parent`, `child`) VALUES
('admin', 'CreateMedico'),
('admin', 'DeleteMedico'),
('admin', 'medico'),
('medico', 'CreateReceita'),
('medico', 'DeleteMarcacao'),
('medico', 'SendReceita'),
('medico', 'updateMarcacao'),
('medico', 'UpdateMedico'),
('utente', 'createMarcacao'),
('utente', 'DeleteMarcacao'),
('utente', 'updateMarcacao');

-- --------------------------------------------------------

--
-- Estrutura da tabela `auth_rule`
--

DROP TABLE IF EXISTS `auth_rule`;
CREATE TABLE IF NOT EXISTS `auth_rule` (
  `name` varchar(64) COLLATE utf8_unicode_ci NOT NULL,
  `data` blob DEFAULT NULL,
  `created_at` int(11) DEFAULT NULL,
  `updated_at` int(11) DEFAULT NULL,
  PRIMARY KEY (`name`)
) ENGINE=InnoDB DEFAULT CHARSET=utf8 COLLATE=utf8_unicode_ci;

-- --------------------------------------------------------

--
-- Estrutura da tabela `migration`
--

DROP TABLE IF EXISTS `migration`;
CREATE TABLE IF NOT EXISTS `migration` (
  `version` varchar(180) NOT NULL,
  `apply_time` int(11) DEFAULT NULL,
  PRIMARY KEY (`version`)
) ENGINE=MyISAM DEFAULT CHARSET=latin1;

--
-- Extraindo dados da tabela `migration`
--

INSERT INTO `migration` (`version`, `apply_time`) VALUES
('m000000_000000_base', 1605282454),
('m140506_102106_rbac_init', 1605282464),
('m170907_052038_rbac_add_index_on_auth_assignment_user_id', 1605282465),
('m180523_151638_rbac_updates_indexes_without_prefix', 1605282466),
('m200409_110543_rbac_update_mssql_trigger', 1605282466),
('m130524_201442_init', 1605283965),
('m190124_110200_add_verification_token_column_to_user_table', 1605283965),
('m201113_154952_init_rbac', 1605283968);

-- --------------------------------------------------------

--
-- Estrutura da tabela `user`
--

DROP TABLE IF EXISTS `user`;
CREATE TABLE IF NOT EXISTS `user` (
  `id` int(11) NOT NULL AUTO_INCREMENT,
  `username` varchar(255) COLLATE utf8_unicode_ci NOT NULL,
  `auth_key` varchar(32) COLLATE utf8_unicode_ci NOT NULL,
  `password_hash` varchar(255) COLLATE utf8_unicode_ci NOT NULL,
  `password_reset_token` varchar(255) COLLATE utf8_unicode_ci DEFAULT NULL,
  `email` varchar(255) COLLATE utf8_unicode_ci NOT NULL,
  `status` smallint(6) NOT NULL DEFAULT 10,
  `created_at` int(11) NOT NULL,
  `updated_at` int(11) NOT NULL,
  `verification_token` varchar(255) COLLATE utf8_unicode_ci DEFAULT NULL,
  PRIMARY KEY (`id`),
  UNIQUE KEY `username` (`username`),
  UNIQUE KEY `email` (`email`),
  UNIQUE KEY `password_reset_token` (`password_reset_token`)
) ENGINE=InnoDB DEFAULT CHARSET=utf8 COLLATE=utf8_unicode_ci;

--
-- Restrições para despejos de tabelas
--

--
-- Limitadores para a tabela `auth_assignment`
--
ALTER TABLE `auth_assignment`
  ADD CONSTRAINT `auth_assignment_ibfk_1` FOREIGN KEY (`item_name`) REFERENCES `auth_item` (`name`) ON DELETE CASCADE ON UPDATE CASCADE;

--
-- Limitadores para a tabela `auth_item`
--
ALTER TABLE `auth_item`
  ADD CONSTRAINT `auth_item_ibfk_1` FOREIGN KEY (`rule_name`) REFERENCES `auth_rule` (`name`) ON DELETE SET NULL ON UPDATE CASCADE;

--
-- Limitadores para a tabela `auth_item_child`
--
ALTER TABLE `auth_item_child`
  ADD CONSTRAINT `auth_item_child_ibfk_1` FOREIGN KEY (`parent`) REFERENCES `auth_item` (`name`) ON DELETE CASCADE ON UPDATE CASCADE,
  ADD CONSTRAINT `auth_item_child_ibfk_2` FOREIGN KEY (`child`) REFERENCES `auth_item` (`name`) ON DELETE CASCADE ON UPDATE CASCADE;
COMMIT;

/*!40101 SET CHARACTER_SET_CLIENT=@OLD_CHARACTER_SET_CLIENT */;
/*!40101 SET CHARACTER_SET_RESULTS=@OLD_CHARACTER_SET_RESULTS */;
/*!40101 SET COLLATION_CONNECTION=@OLD_COLLATION_CONNECTION */;
